Gene,SHAP_Importance
COL1A1,0.09752843538299202
SPARC,0.08363719319575466
CD74,0.05980803670536261
CPB1,0.05854222354944796
KRT19,0.05253991572826635
EEF2,0.049146089298301374
BMS1P20,0.04611541911610402
CD24,0.041580066905589776
GLUL,0.03921406036708504
POSTN,0.037590622482239266
HLA-DRA,0.035669946874413654
ADAM6,0.03487223294372711
COL3A1,0.033604328812798484
SCGB2A2,0.03267368086409988
CLU,0.03249226328975055
RPS4X,0.032324185780598785
SCGB1D2,0.028834572578780353
ACTB,0.02517808948061429
EEF1A1,0.024171388604008824
ALDOA,0.023959322775626787
FN1,0.021135191787034272
RPL4,0.020956532663549295
RPL19,0.020898609935247805
SERPINA3,0.020781027078046462
KRT8,0.020675627120363062
A2M,0.020646869256161153
IGFBP4,0.020310482885688545
AGR2,0.01946127007217001
GNAS,0.019212659248150885
B2M,0.018687588986940683
APOD,0.01792605801449099
HSPA1A,0.01755895768874325
COX6C,0.01736041981203016
COL1A2,0.017270849217748036
RPLP0,0.01723748220843845
CA12,0.017073471590992994
VIM,0.016894039147882723
NPY1R,0.016796172874746843
HLA-B,0.016762742609334965
AEBP1,0.016268010748608504
EEF1G,0.016066207838011905
CRABP2,0.016065455291827676
RPL8,0.01601712495146785
RPL7A,0.01599937597697135
LUM,0.015866457937227095
FASN,0.015409071217291057
MGP,0.01538431390785263
C4orf7,0.015155496732331812
MAGED2,0.014539534009381896
IGFBP5,0.014472299320041203
RPL3,0.014326406184045482
RPL30,0.014173168460802117
RPS8,0.014025973514362704
CXCL14,0.013688146227941615
THBS1,0.013622408232404268
TPT1,0.013431658665940632
RPS5,0.013242529902781826
COL6A3,0.012857592673244654
RPS20,0.012831696798093617
IGF2,0.012831549396796618
MMP11,0.012246468217126676
GJA1,0.01190514162488398
RPS24,0.011885805599449668
SLC7A2,0.011811495479778387
DSP,0.011628034815221327
SLC39A6,0.01157446889919811
C3,0.01135769927612273
RPL23,0.011231316557409627
RPL41,0.011139724978438608
COL11A1,0.011130778559736427
BCAM,0.011035800962272333
SERPINA1,0.010692114789562765
TAGLN,0.010516156028752449
C4A,0.01039630244111322
ERBB2,0.010352719405491371
CTSB,0.010222571900485491
FLNA,0.010129256171949238
RPL15,0.010065326950571035
ITGB1,0.009992862975414027
APP,0.009967839097662363
RPS15A,0.009909209251636639
RPL10,0.009779179006218329
HSPB1,0.00967951817176072
RPL27A,0.009571809269509686
CEACAM6,0.009508455090181087
PDIA3,0.009458795576865669
PBX1,0.009361627533216961
NACA,0.00934240273436444
MUC1,0.00931027585727861
HSPA5,0.009177488450441161
XBP1,0.009114437950629509
CFB,0.008958083496254403
RPL11,0.008863023121703008
COL5A2,0.008774219588085544
YBX1,0.00873705777048599
CTSD,0.00864024402710129
PIP,0.008564809947274625
HSP90B1,0.008542688089364673
CD164,0.008487784621611354
RPS18,0.008486930637154728
SDC1,0.00842129642776854
KRT5,0.00840189505193848
COL6A1,0.008387994344075196
TMSB10,0.008384125009979471
RPS21,0.008378787323672442
STAT1,0.0083360851127145
COL10A1,0.008326170564178028
TRPS1,0.008307566395487812
AZGP1,0.008168777868640974
TFF3,0.008148422047015628
LY6E,0.008024970790575025
LDHB,0.008013933472975623
TMBIM6,0.00784438068541931
STC2,0.007795101293158951
RPL18,0.007645561269309837
NPNT,0.007609170234500198
ATP1A1,0.007546026984637137
RPL13,0.007537464575143531
HSPA8,0.007442059645109111
NME2,0.007411981969562475
HLA-A,0.007380838621197654
BTF3,0.0073303848090472455
TNC,0.007181278073985596
SPARCL1,0.0070605093457561455
P4HB,0.007034905976056507
COL12A1,0.006914043612996465
AHNAK,0.006913420055370807
PABPC1,0.006886669400846586
FAM198B,0.006880562935039052
RPS3,0.006829153326470987
GNB2L1,0.006817150019924156
TMSL3,0.0067539191820651465
SLC40A1,0.0066762086233939045
HLA-C,0.006632840063393815
FBLN1,0.006614001450652722
HSP90AA1,0.006595176516129868
NUMA1,0.006568766727541515
ATP1B1,0.006528489861084381
RPL37,0.006472421070793643
ASPN,0.006322782760398695
HLA-DPA1,0.006312646699625475
BTG2,0.006293260350139463
MX1,0.006246631205285667
RPS17,0.006228847147576743
LTF,0.006198474353950587
HLA-E,0.006198300161049702
NPM1,0.006066968521713534
KRT18,0.006062197629589718
ENO1,0.00605695100617595
TPM1,0.006034758288296871
CXCL9,0.005998633850249462
BMPR1B,0.005986520957594621
TIMP3,0.0059382609833119205
CALR,0.005835929776367266
GOLM1,0.005808316019829363
TBC1D9,0.0058075797712081115
ACTG1,0.005765704250952694
PERP,0.005748244910282665
PIGT,0.005722574726169114
EIF3CL,0.005694886447872705
CANX,0.005680987213263506
XIST,0.005676574191638793
PGR,0.005610278739395653
CD63,0.005550794136652258
CXCL13,0.005539638099726289
MARCKSL1,0.0055085352587047965
SCD,0.005503296872193459
RPL10A,0.005488742690959043
NUPR1,0.005480487069289666
RPL28,0.005478862121453858
LGALS3BP,0.005462853315113989
TUBB,0.005436038670304697
MUCL1,0.005363086362067406
CTNND1,0.005352053592232551
YWHAZ,0.005347966504268697
MYL12B,0.00534466549019271
ARF1,0.005337701603370988
EMP2,0.005315476753203256
RPS23,0.005309850171006474
APLP2,0.0052797090559033675
LGALS1,0.005242715302174474
MIF,0.005232929983789063
CTSK,0.005223188109521288
FAT1,0.005221578697892255
MSN,0.005210672608809546
PRKDC,0.0052074113061462415
HNRNPK,0.005193997508940811
TOMM20,0.00516462041901832
FKBP4,0.005161293197706982
GAPDH,0.005140749225829495
ITGB4,0.00513433913467452
DHCR24,0.005079961542414821
KRT7,0.005079285859301308
ESR1,0.005038653199299006
NDRG1,0.005032692113745725
LRP1,0.004970170746419172
C1R,0.004968868790219858
CCND1,0.004953824063559296
KIAA1324,0.004927675594663014
CCNI,0.0049072526098098024
STEAP4,0.004881088837612424
RPL26,0.004856019093442683
DCN,0.004833932097826618
ELOVL5,0.004783203782426426
UBA52,0.004754149388897986
S100A9,0.0047421003353520065
ASAH1,0.004722961140587358
PGK1,0.0046932110518901025
LASS2,0.004688110836741544
TACSTD2,0.004685319576092297
PALLD,0.004682536142154276
PDIA6,0.004662200458005828
HNRNPAB,0.004657200029242148
PI15,0.004654552168503869
JUN,0.004640585416782414
PSME1,0.004588114832085921
IFITM3,0.004584776540505118
RPL32,0.00457253518366997
SQSTM1,0.004527209239179228
RPL17,0.004520447414979572
EIF5A,0.00451444951405847
TIMP2,0.004478130144743773
SREBF1,0.004445123276527738
SYT13,0.004426533672649384
TMEM59,0.004426455045686453
PTRF,0.0044111738405536016
CELSR2,0.004405192471713235
SUB1,0.0044016679621017825
H2AFJ,0.004392008861004797
CALD1,0.0043813196371047525
FGFR1,0.004379211088362354
HLA-DPB1,0.0043780228363903
CD44,0.004374254098001984
IFI6,0.004364298134933051
RPN1,0.004363273345516064
CPE,0.004332929746487935
SULF1,0.00431976024141477
MCL1,0.004287964429558997
NCRNA00188,0.004284904707456008
ORMDL3,0.0042781250175539754
EPCAM,0.00427719802417414
SERF2,0.004266330008249497
LASP1,0.0042504356105200715
IL6ST,0.004249790446938278
PREX1,0.004239983709901481
IDH2,0.004235654708973016
SLC1A1,0.004218285531096626
DSG2,0.0042106139676238285
MXRA5,0.004177246975959861
FBLN2,0.004168090003586258
APH1A,0.004146587433247077
ACTN4,0.004115396724300808
NUCKS1,0.004098252554831561
LAMC1,0.004051251850469271
PTMA,0.004048108787814044
SLC9A3R1,0.004041598260591854
TUBA1B,0.004019597785154474
SFRP1,0.004007279622019268
TIMP1,0.004005730104287295
TGFBI,0.003991105212844559
PKM2,0.003986532929011446
KRT17,0.003980318309277209
DLK1,0.00394814255356323
EGR1,0.003934057750957436
GNB1,0.0039265035243442985
LITAF,0.003925390059048368
GANAB,0.003923085151564009
KCNE4,0.003911129997850367
MALAT1,0.0038992301618600324
DHRS2,0.0038863948539074045
DDB1,0.0038796579906193074
IGF1R,0.003831288178480463
NOTCH2,0.003813961281148295
S100A7,0.003812867280212231
NEAT1,0.003794102717401984
RPS27A,0.0037903323133377854
COL14A1,0.003779532224034483
PRSS23,0.0037783816987757746
CYP2B7P1,0.003770310565851105
EIF4G1,0.0037641727383379477
TTC3,0.0037345809557882605
ZFP36L2,0.0037344388487326797
CDH1,0.0037332348773634295
RBM3,0.0037247820013726596
FARP1,0.0037237509861370198
RPS11,0.003702924893632371
PCM1,0.0036964261456159876
IFITM1,0.0036963016334266284
NOTCH3,0.003681389891789877
SULF2,0.0036745861389499623
MYH9,0.0036644561346565753
CD151,0.0036582948713476072
HDGF,0.0036536268181771446
H3F3A,0.003648858310407377
ELN,0.0036441181983536807
RAB11FIP1,0.0036351459129946306
TMED2,0.0036325293654249436
NME4,0.0036247780741541645
RPS25,0.003614255313841568
HLA-DQB1,0.0036123934551142156
COL6A2,0.0036071413054014558
TPI1,0.003606899815276847
SEL1L,0.0036054368333134335
TSTA3,0.0036050639366658286
TOP2A,0.0035905806794471573
RHOA,0.0035680115564551682
RPS14,0.0035466466304205826
TRIM28,0.003540416628893581
NAP1L1,0.003533602822176363
EDF1,0.003530330209305248
RPS2,0.003524467078677844
CYB561,0.0035203224168799353
OS9,0.0035096669316408225
CCDC80,0.0035055758123053236
CYBRD1,0.0035000816789397503
ATP5E,0.00348198635278095
COL5A1,0.0034752026581554673
PTPRT,0.003464322076179087
AGRN,0.0034537755491328426
GABARAP,0.003452642120373639
PSD3,0.0034437078107293928
MFGE8,0.003437858811557817
H1F0,0.003432528591074515
SSFA2,0.0034236888660780095
C20orf108,0.003412920125410892
RBBP4,0.0033954105776797406
RPL6,0.0033921043542795813
MAL2,0.0033818161216186125
TPP1,0.0033807132246147374
DDX5,0.003372522621139069
WARS,0.0033635503921686906
APOE,0.003354794760812183
PEG10,0.0033384351434688144
CAPRIN1,0.003321153600845719
AIF1L,0.003317063045251416
RPS13,0.0033001780133054127
PDCD4,0.003288286693805276
GNS,0.0032769102539896267
UGT2B11,0.003263756494561676
SEPP1,0.003259633834500164
OAS2,0.0032549462546376164
CALM2,0.003232612438878277
CLIC1,0.0032298330578396416
GREB1,0.0032206284487619995
RPS6,0.003216314867422625
MYBPC1,0.0032045517800725065
DEGS2,0.003202034646392349
CRIP2,0.003192690287382902
PROM2,0.0031874881792464294
ST3GAL1,0.003187251855329123
BAT2,0.0031822345357068117
SFRP4,0.0031791054333734792
MAGED1,0.003166160066957673
ASPH,0.0031606514322629663
MACF1,0.0031441163365525425
SNRNP200,0.0031361943162846726
SLC38A1,0.0031309881969627893
VWF,0.00312929187906775
THBS4,0.0031251021099160427
RAB31,0.0031126492782095738
PPP1CB,0.003087493334969622
ACTR2,0.0030735926815850688
EZR,0.0030673148818550545
TPR,0.0030574393307961144
RPL22,0.0030556941638496937
FTH1,0.003048992544754583
RNF213,0.0030461303359152225
ERLIN2,0.003045209007757421
ANTXR1,0.0030379388027722597
FTL,0.0030316990200662986
CYR61,0.0030217377164080974
FBL,0.0030162842104527955
ALG8,0.0030108718487099396
TPM3,0.0030084485754923664
EVL,0.0029751436917740647
SOD2,0.0029737411232008525
LSR,0.002973539330341737
FABP7,0.002973415608503274
IMPAD1,0.002972532619392041
NBL1,0.0029589103093530865
CTGF,0.0029556184374087023
SERPINF1,0.002954325476275699
SCUBE2,0.0029525781088705115
GRINA,0.002952555556112202
CLIC6,0.002949644169420935
RPS3A,0.002946392132143956
EPRS,0.0029124855895133806
NDUFB9,0.002905741463071081
STMN1,0.002902412649273174
SLC1A5,0.0028933861392397373
NFIB,0.0028929682819580195
ACTA2,0.002879335628783792
THSD4,0.0028770411503501237
TRAM1,0.0028720485264784657
BST2,0.0028681323889759368
MYADM,0.002868106688001717
PIK3R1,0.002861324158677689
SERPINA6,0.0028577114744939534
THBS2,0.0028537922081159194
TMEM123,0.002852755369112856
MVP,0.002852590632205647
AQP1,0.0028481889424620023
CDK4,0.0028409929306144476
SPINT2,0.002838800630888727
MYH14,0.0028387894689512905
RPS10,0.0028286960706464014
GRB2,0.00282687146205717
SLC7A5,0.002825544182378508
NORAD,0.002822065557411406
WNK1,0.002813780108590436
PADI2,0.002813468515232671
ADAM9,0.0028082451252350892
TXNIP,0.0028075996658299116
INSR,0.002806350230766839
GPX4,0.002806213993608253
FXYD3,0.002799183954102773
SLC25A6,0.0027987290892497185
TAT,0.0027969333392684347
GAS5,0.002776735483394077
SERINC1,0.0027705431119829883
CTSS,0.002767967656691326
GALNT6,0.0027514931162295397
SPDEF,0.002745721294595569
TUBB2C,0.002741536979738157
S100A6,0.002740753285943356
HNRNPU,0.0027361945520351584
SORT1,0.0027352742544007923
CAPN2,0.002734209581722098
EIF1,0.0027246014325646682
BCAP31,0.0027199142188885617
TAP1,0.002706162611611944
OLFM4,0.002703847843422409
CLSTN2,0.0027020974470178772
SLC25A3,0.0026935270259082246
PPIB,0.002666850953901303
ERMP1,0.0026622334806052097
ANXA2,0.0026621779707284078
KRT6A,0.002656407823060363
KCTD3,0.002646821591245043
SRRM2,0.0026455406729837703
RPL37A,0.0026389723234524353
CASC3,0.0026352948759267745
ATP5B,0.0026326982204227536
MSL1,0.0026281278589158318
COPZ1,0.00262410845116392
FSTL1,0.0026210224086571543
RPLP1,0.002617528129821949
ANXA6,0.002612244851716241
NARS,0.0026108721501805123
MED13L,0.0026098632919456578
GTF2IP1,0.002604672984452918
PRLR,0.002590043146701646
CYP2A6,0.0025841715176647996
ATP9A,0.002575738622224435
TPM2,0.002572534748042017
DPYSL3,0.002553328227131715
MDK,0.002553201863920549
HSPD1,0.0025529071076641685
PSMD3,0.002548285762750311
ANXA5,0.002547906820947503
HNRNPF,0.002525240814939025
ANO1,0.0025239623816742094
ATP2B4,0.0025227924215141685
FADS2,0.002519503916919348
LAMB2,0.002518135634709324
EEF1A1P9,0.0025064634191767255
CARTPT,0.0025025109572470684
SLC3A2,0.0025018237713993587
PDGFRB,0.0025010026674044637
FUS,0.002495416847523302
YWHAE,0.002489303508955345
IL32,0.002456164905579499
C1orf21,0.00244976307172692
PARP1,0.0024487192928791045
DBI,0.002448299780371599
CRYAB,0.0024445380725228462
DDHD2,0.0024426867265265172
GFRA1,0.0024381538861598527
GAS6,0.0024335658424752184
MDH2,0.0024300925191164426
SPP1,0.002429055099346442
ITGA6,0.0024235104370427508
COL2A1,0.0024180933521142835
PDLIM5,0.0024168754098309363
TPRG1,0.002402062796991231
SSRP1,0.002397026886446838
FBN1,0.0023953663841257368
SOX9,0.00239395702157708
THY1,0.002385585607844405
MYO6,0.002380814541611471
LAMP1,0.0023804048812598923
KRT23,0.0023696759575250327
ARL6IP1,0.0023649738879612412
CAST,0.002363198675782314
ANPEP,0.0023527379110601034
SUPT6H,0.0023401011540227046
S100A8,0.00230752305180431
MAP4K4,0.0023065032796148444
CANT1,0.0023044742953788953
SCCPDH,0.0022933023340465297
FAM128B,0.002290738244532804
LAMA3,0.0022831210897129497
SLC44A2,0.002281870477690973
EEF1D,0.0022771878939443014
B4GALT1,0.00227648199498617
STARD10,0.002272981963469647
COL18A1,0.002272222835381399
AHCY,0.002272132547223009
CFL1,0.0022721063693734323
ITPRIPL2,0.0022688967861176934
PKN1,0.0022558793206189877
RARRES1,0.00225324026308499
RPL5,0.002253160804993968
TMEM47,0.002252250786186778
SCARB2,0.002249312096337235
SCRN1,0.0022486639806265883
PTP4A2,0.002245432733634516
LCP1,0.0022335823488356253
CTDSP2,0.0022272617493399594
PCBP2,0.002224680406470725
CD36,0.002218650200366028
HLA-DRB1,0.0022161428837353015
SLC2A1,0.0022156055564391862
S100A10,0.0022149525596978493
GRN,0.0022148316915991018
AGR3,0.0022103769234172433
TCP1,0.002204788667181674
PDXK,0.002203735722841884
MYL12A,0.0021913866955856065
SHROOM3,0.0021899240641005237
KRT14,0.0021896447259132402
ADAM15,0.002185782020496845
GPRC5A,0.0021852249982327976
JUNB,0.002182196683697839
COX4I1,0.0021808621294940166
RPL29,0.00218050220515579
NID1,0.002179848000196216
GSTM3,0.0021775966832501582
RPL27,0.0021763791287776257
C17orf37,0.0021715313831191453
MAP3K1,0.0021713871979409305
ITM2B,0.0021713489097612637
MYC,0.002169891678458953
ACADVL,0.0021676249675692816
AFF4,0.0021672460205445533
GOLGB1,0.002163479074913539
PLAT,0.0021545106931807824
KIAA0100,0.002154013167978519
MAPT,0.0021516287226404527
RAD21,0.00215091848080192
EIF3L,0.002149579749584518
NDUFC2,0.0021475030513465753
IMPDH2,0.0021472836743851075
RPS12,0.002141776278189127
PVRL2,0.002133401843170759
SF3B1,0.0021315617464460956
TC2N,0.0021305797522654757
BGN,0.0021275769936437428
PHB,0.0021208057439798724
FURIN,0.002120293281850536
ATP5H,0.0021194553499663017
CTSC,0.0021183768824266733
PSMB3,0.002117514413180288
CSRP1,0.002110416556679411
DPP7,0.002109209062627997
RUNX1,0.002107857586524915
COL8A2,0.002107521026764516
CAP1,0.002106520201768944
ST14,0.0021037773638363432
STK24,0.002100526613421607
RARRES3,0.0021001415584032657
GPI,0.0020999794819726958
HSP90AB1,0.00209701513973414
RPS9,0.002095227451191022
TCEB2,0.002093855207822344
SLC12A2,0.0020869922860219958
AES,0.0020803759254454236
SOCS3,0.002079183897039911
CREB3L1,0.0020677881587744195
CRAT,0.002066561481806275
UGDH,0.0020638384809899433
IL13RA1,0.0020626222085115844
RPL24,0.0020529750455898464
PRKCSH,0.0020526803757093147
SLC1A4,0.0020469309132749914
CBX3,0.0020426673308975296
SELM,0.002040382452969425
LDHA,0.0020402713605380996
RPS19,0.0020401536260396826
COX7C,0.0020368787307234017
S100A11,0.0020284312095245126
RPL31,0.002023385917636915
PARK7,0.002019564529764466
PFN1,0.002019513147897669
PICALM,0.0020158164735039463
SSR4,0.002012097681146088
C10orf116,0.002010664886693121
BCAS1,0.002005655958491843
PSAP,0.0020026906933276224
TMED10,0.001996360802950221
KIAA1467,0.0019956495397764227
GJB2,0.001986513149422535
MAOB,0.0019822361003025437
CD46,0.0019813608250387913
CREB3L4,0.0019794229438412003
UCP2,0.0019783031521910742
SLC43A3,0.0019756439292177674
SEC24C,0.0019711114880192324
DDIT4,0.00196763062478567
FABP4,0.001965382238950042
RBBP7,0.0019641916757882428
KLF6,0.00196358654314281
RPL13A,0.0019622836210510287
KRTCAP2,0.0019608177068403164
PTP4A1,0.001955431245833097
AMFR,0.0019505171530181543
DUSP4,0.0019494682453660061
C8orf85,0.001949259849570808
NDUFA4,0.0019462513336384291
SMARCE1,0.001942663269746845
MYO1C,0.0019413797823631285
MMP2,0.0019391002438385386
GBP4,0.0019360897876686068
KRT6B,0.0019335599977785022
PARD6B,0.0019315732078393922
MRFAP1,0.0019250503672446938
HNRNPA1,0.0019217739568193793
SOX10,0.0019145196420140564
TNFSF10,0.00191341485697194
HIPK2,0.0019048322940125218
TAPBP,0.0019025113223324298
ABHD2,0.0018990079846116714
RAB1B,0.0018973165478655574
FNDC1,0.0018960110310581512
UQCRFS1,0.0018953525792426262
CCL5,0.0018943427750491538
WDR26,0.001892697844950817
UBD,0.0018921548809521483
PLTP,0.0018900736775322002
DSTN,0.0018851196564355632
H1FX,0.001882428778517351
IGFBP2,0.0018816265294663026
ETS1,0.0018795113620944904
DCLK1,0.0018787022467131465
TOP2B,0.001878309139486305
GRLF1,0.0018775997011107393
ALDH3B2,0.0018761855744378409
GSN,0.0018722144720049983
CPNE3,0.001867763418740651
CLTC,0.0018660900080067222
SMARCC1,0.0018659738184396701
RAB7A,0.001863101472008566
ANXA11,0.0018619078804204036
TM4SF1,0.0018618414987713549
MYLK,0.0018611206031346227
TSKU,0.0018607950873445133
YWHAB,0.001858477853165823
NGRN,0.0018562335616661586
CA2,0.0018560530558170286
MED1,0.0018496728205082036
SLPI,0.0018470787980322712
PSMB8,0.0018398076169341949
CHMP2A,0.0018383203125085857
PEA15,0.0018370845924437162
H19,0.001836231501392831
C6orf211,0.001835481449998042
NUCB1,0.0018311744821085086
CD59,0.0018267073106835597
S100A14,0.0018255947311263299
PFDN5,0.0018210213509701134
HSPA9,0.0018163137366582305
SLC30A8,0.0018162935712166472
SFRP2,0.0018162213537289062
PFKFB3,0.0018148641786956432
PTTG1IP,0.0018143463285605322
SH3BGRL3,0.0018141623969859212
CGA,0.0018133224875055021
IDH1,0.0018128645282195065
CDK12,0.0018106886162604495
MMP14,0.001807816054979412
PYGB,0.0018019280606677056
GNG12,0.0017988357872729922
LTBP2,0.001797103303579206
RPL36AL,0.001796318155975314
SET,0.001790995676510647
IRF2BP2,0.0017901677710324294
FCGR3A,0.001789752112235874
UBC,0.0017848356068225256
LYZ,0.0017831532768741454
IGFBP3,0.0017785440472835035
S100A1,0.0017760570480459138
PRPF6,0.0017750527693851837
PRRX1,0.0017737978555760492
SCRIB,0.001769301428066683
CTNNB1,0.0017686163901453255
JUP,0.0017668858786646525
CACNA1H,0.0017667972304593604
COPG,0.0017614772809929492
PLAU,0.0017574744580122115
ERBB3,0.0017568385853974178
SURF4,0.0017562660191742907
ERGIC1,0.0017552796511517955
RPL9,0.0017534708108814811
SLC38A2,0.001752660148213181
AREG,0.0017487237312889192
LIMA1,0.0017479109240412071
SERINC2,0.001747094931737223
ATP2A3,0.0017418032047316957
ZNF652,0.0017396837590422365
LONP2,0.001737271968256664
HSPB8,0.0017354919416698066
SNRPB,0.001734214367934328
DSC3,0.0017314737312881334
ELF3,0.0017310051148706406
SUPT5H,0.0017261014259929651
CIRBP,0.001725238170274679
RNASE1,0.0017243598461936926
AFF3,0.0017225737306989686
MGAT4A,0.0017180605804605876
HDAC2,0.0017160521088771929
PAK1,0.0017143598716756968
PHGDH,0.001713157545600552
FRS2,0.0017101621406618505
HNRNPUL1,0.001704544609401637
LRRC59,0.0017037568319938146
SGK3,0.0017001333916414297
COPB1,0.0016997758866637014
KTN1,0.0016991524264631153
CKAP5,0.0016957818531955127
NNMT,0.0016915500275354134
SH3BP4,0.0016909245473289048
CALML5,0.00169024021961377
EHF,0.0016859418548847316
PDLIM1,0.0016830244286256857
CELSR1,0.0016788607942999079
KLHDC3,0.0016755118112632772
SCP2,0.0016735357387096883
MTDH,0.001673438343463971
CCT4,0.0016723964074844843
KIF13B,0.0016680338015430606
C10orf10,0.0016679407008052748
ACTR3,0.0016650713314083987
TMPRSS3,0.0016646782397037895
IER3,0.0016642829985721618
WHSC1L1,0.0016614016654057195
PTK7,0.0016591094707530374
FOXA1,0.0016576046367845266
CALU,0.001657222122703388
EXOC2,0.001655638912802715
NDUFA13,0.0016553480749644223
RPL35A,0.0016542882618159637
EIF3H,0.0016535599289090896
CYP1B1,0.0016524380502596614
NCSTN,0.0016520436289829377
H3F3B,0.0016519864880683599
EIF4A1,0.0016509198941639625
FLNB,0.0016486579559932579
AGL,0.001646722381356085
CTSZ,0.001641838546456711
ACTG2,0.001640218848378936
CITED4,0.0016367331949004437
NKAIN1,0.0016365426094489522
STC1,0.0016363580583129078
RPS16,0.001633752389016081
RPL14,0.0016324404592251084
LAMP2,0.00163099654522739
SERP1,0.0016292604776026564
IFIT3,0.001628223619209166
RPL36,0.0016240276198732318
FAU,0.0016231847708445457
TM2D2,0.001619846814867927
SLC9A3R2,0.0016145799429068575
SERPINE1,0.0016127978724398417
USP9X,0.0016105818144751538
CRISPLD2,0.001609867257920996
USP14,0.001601887892175
ZNF217,0.0016010028680602773
RTN3,0.001599097081639229
RCN3,0.001597169429605856
HNRNPA2B1,0.00159606199746122
FOS,0.0015942205618557637
ATP6AP2,0.0015914938252808498
KPNB1,0.001589400119153197
CKB,0.0015880168136573048
RPS29,0.0015846495660730398
ASH1L,0.001584052460602834
PPP1R1B,0.0015833969609229826
SEZ6L2,0.0015815233690682363
SCPEP1,0.0015797893442868372
C1S,0.0015797478444301305
C6orf62,0.001578169593194616
OAZ1,0.0015756376729950715
POLR2L,0.0015721409732987013
SHISA5,0.0015719975115644047
CALCOCO2,0.0015718455572641687
GALNT1,0.0015717737462694003
IFI27,0.0015685927872982576
TMEM181,0.0015680908846297825
PDIA3P,0.0015661198848465575
MAT2A,0.0015634547178342473
CD9,0.0015598007019275429
PTMS,0.0015588225574720126
RAC1,0.0015583837189842597
LRPPRC,0.0015554139133837452
AHR,0.0015529095172314555
COX6A1,0.0015510051359888166
HLA-DRB5,0.0015509453603590373
ATP5A1,0.0015504572406371154
ESRP1,0.0015504030333886476
TFAP2A,0.0015490829861300882
CD81,0.0015436916273870338
ADAMTS1,0.0015341963416722138
C1orf198,0.0015318508653825802
PPAPDC1B,0.0015250586213232963
TMCO1,0.0015209700482955667
LRP2,0.0015169061115102521
ERRFI1,0.0015163227398716117
ZFP36L1,0.0015162653859988496
ATP5G3,0.0015148562949525513
SHISA2,0.001513419542752672
PSMD4,0.0015127787760138745
ENPP5,0.0015094130919806048
PCGF2,0.0015087584041248191
TBL1XR1,0.0015084059928858551
MMP9,0.00150827062724602
PLOD2,0.0015055546324219903
MARCKS,0.0015046155136224115
PPA1,0.001501443322056275
FKBP10,0.001499053869774798
ATXN7L3B,0.0014970574607832531
CRISP3,0.0014964555719780036
CAPG,0.0014957546174991876
IDO1,0.0014936666791436437
CCNG2,0.0014923378783350926
HK1,0.0014915945717075374
ARPP19,0.0014913032885169742
GPNMB,0.0014909901999635622
CD68,0.001490065609107205
COPA,0.0014877375841930184
PLEC,0.0014871769038654746
KRT81,0.0014866198813251684
EIF4G2,0.001485919378192193
XRCC6,0.0014854785454758712
SYNGR2,0.0014847073177406856
EIF3K,0.001482576512498781
YWHAQ,0.0014787064288657348
PEBP1,0.001478470071128868
ARPC3,0.0014775183921119607
CD47,0.0014758607175963333
ADAM12,0.001475066799466731
NR4A1,0.0014733583719134912
TLN1,0.0014721885699430005
UBB,0.001468456622778831
QDPR,0.0014639904735304298
SQLE,0.0014548789575201226
MORF4L2,0.0014545893971808254
JAK1,0.0014525862689515633
RCAN1,0.001449982297817769
CDH3,0.0014494664322410244
PPIA,0.0014463028524369292
NEBL,0.0014442496049014153
H2AFZ,0.001444241334684193
ARF3,0.0014363519542348513
BAT2L2,0.0014356498090455716
ATP5G2,0.0014332218545678188
AHNAK2,0.001431446812912327
FCGRT,0.0014306518400189817
SPINT1,0.0014246658672573175
SEPW1,0.0014245250945532461
S100A2,0.0014195506141004444
CDC42,0.0014125674200477078
RERG,0.0014076854336417454
MLF2,0.0014075560978380963
NPC2,0.0014068566041896702
CACNG4,0.0014054964715512596
PFKP,0.001405031209887966
NCOA4,0.0014042094459000508
RALGAPB,0.0014013179173616662
CLEC3A,0.001397469179437394
DNAJC12,0.0013939339562239184
MCM3,0.001390283845757949
YWHAG,0.0013899628157923872
PDXDC1,0.001389428661650527
GATA3,0.0013893827142965165
NAT1,0.0013893642905350135
STAU1,0.0013880628542574413
HYOU1,0.001386938318137254
RAD23B,0.0013868439882116946
RPLP2,0.0013867043120535528
SMARCD2,0.0013833199274813524
CGN,0.0013830729350229375
PRNP,0.0013812814451557643
CHPT1,0.0013795642567492905
CRIP1,0.001375532303271143
SLC7A8,0.0013754046941039633
LAMB3,0.0013752750811227088
HK2,0.0013744391142790845
PTPRF,0.0013741166092586354
PFN2,0.0013731129378447805
ACLY,0.001372730052607949
FLOT1,0.0013715747280912184
LAP3,0.0013695530736174532
MSMB,0.0013687295849376824
GM2A,0.0013646955309513941
ADAR,0.0013638225962631623
CEACAM5,0.0013637428291985998
SLITRK6,0.001357452191145967
CFD,0.0013564313083770684
MTSS1,0.0013534409542626236
NUCB2,0.0013526810513576494
PLOD1,0.0013525381908493727
CYCS,0.0013500019778211936
PI3,0.0013468296262351487
CHMP4B,0.0013438119905549684
ARHGAP29,0.0013417209624913085
KRT15,0.0013402133799445437
STAT3,0.001339538383629133
ALB,0.0013368708125199192
CXCR4,0.00133535998460502
SAT1,0.0013339484907555744
ICAM1,0.0013326715934181266
PLS3,0.0013280037228469155
SYNM,0.0013261358228191967
NQO1,0.0013232773257550435
PUF60,0.0013213437757076463
MYBL2,0.0013167171987515758
AGTR1,0.0013144214737258154
SYT1,0.0013126592755725141
CHAD,0.0013126232545255334
GLUD1,0.0013062685278964637
CPD,0.0013040957431439892
PSMA6,0.001301935458686785
HTRA1,0.0013017058509683466
OSBPL8,0.0013005145707938937
EIF4EBP1,0.0013004297676707211
GDI2,0.0012969980870531116
CSTB,0.0012968395185816916
CHPF,0.001296809312439109
C17orf28,0.001295302117096071
IGSF3,0.0012942442437270075
WASF2,0.001292702001883299
TSC22D1,0.0012917205375197226
CSDE1,0.001290500183022232
MCAM,0.0012898228359517817
HIF1A,0.0012888355454924749
PARP10,0.001283484231944385
TALDO1,0.0012806201053899714
VAMP8,0.0012797993107960793
RTN4,0.0012756602309309528
BAT2L1,0.0012735438734807758
BMI1,0.0012734720082153218
MEST,0.0012677804024679063
TSPAN1,0.0012627930006692623
IGFBP7,0.001260055503116746
MIA3,0.0012590196322025803
LAMA4,0.0012580567346458338
WIPF2,0.0012563057852821658
NRIP1,0.0012553030982417114
TGM2,0.0012536293321971925
CLIC4,0.0012527930476062465
MUC2,0.0012522660631657345
NRIP3,0.0012508797384452918
TMEM176B,0.0012480217957363494
DHCR7,0.0012479009730577673
EGLN2,0.001247791963724012
BTG1,0.0012458869447618782
GRB7,0.0012454539088503226
ANXA1,0.0012432524842006388
CCT7,0.0012432485126464598
MAP1B,0.0012414480125517002
HTRA3,0.001240828883442191
RALY,0.0012401566264452412
IFIT2,0.0012385539356353093
GSPT1,0.0012380470786592923
CYP4B1,0.001233522162101508
SLC2A10,0.0012326301501161651
SLC44A4,0.0012284189718138805
PPP3CA,0.0012275560366833815
ALCAM,0.0012257204725347037
SMOC2,0.001225229129993295
ST6GAL1,0.0012223612393790972
ABCC5,0.0012220472866556519
CAND1,0.0012170971685816312
TNFAIP2,0.0012132824352011084
CCT5,0.0012103056093383203
TMC5,0.001209751111418882
ISG15,0.0012072958869612195
SUSD2,0.0012050320787602687
BACE2,0.0012050296398774662
ARPC5,0.0012029927598996438
GBP2,0.0012009158149521681
CSN3,0.0012004733651519927
UQCRB,0.0012002771044444672
ARPC2,0.001199837750318693
DEK,0.0011982384789189383
KDELR2,0.0011957436198281356
PIGR,0.0011923023365943664
ARHGEF12,0.0011907931594896581
TAGLN2,0.0011903506382077466
ARHGAP32,0.0011902247682155575
MYL9,0.0011880607544168243
ADIPOR1,0.0011873446322988458
GNAI2,0.001187119493743012
RPN2,0.001185357626827681
PARP9,0.0011851108103059006
CAPN1,0.00117999561584611
AUTS2,0.0011793062875312898
PLEKHF2,0.001179128350161136
FKBP9,0.0011785596015761257
ADCY1,0.0011775525019220368
NFIX,0.0011746106374550891
ATP6V0C,0.0011709109079765768
ASS1,0.0011707667666905764
ECM1,0.001170538925848632
TAP2,0.0011700355679158747
PRDX5,0.0011680531800993777
SH3BGRL,0.001166721115259861
SYT7,0.001166685482066896
PSMD8,0.0011657107072642248
TUBA1C,0.0011642857681727038
RPL23A,0.0011636278773949015
CCT2,0.0011626683808026428
CLSTN1,0.0011608964644801744
SLC5A6,0.0011600275309115204
EGLN3,0.0011574476877572694
ARPC1B,0.001157051877662525
VCL,0.0011561507812257333
LRBA,0.0011519005194531929
ECE1,0.0011514740026541403
RBM39,0.0011511135993259813
LRIG1,0.0011488233987620334
INSIG1,0.0011485703096150246
ZFP36,0.0011483559490807237
IGJ,0.0011474408590220265
PRCP,0.0011462632327538813
SORD,0.0011456621045726934
CLDN4,0.0011455445814715403
ADIPOR2,0.0011406428552322722
CRIM1,0.0011404356921866565
ARFGEF2,0.00113956369985317
ARF4,0.0011351033023458967
SSR1,0.0011330020881177916
COL4A2,0.0011322387457880722
NDST1,0.0011313584763729522
RPL34,0.0011288501330801637
BSG,0.0011276770787071655
PSMB4,0.001126178051313218
ILF2,0.0011259677930866019
IFI30,0.00112459645076342
IQGAP1,0.0011228587121263445
MYL6,0.001121761258400511
AKAP9,0.0011207733585979441
DNAJA1,0.0011192371646939136
SLC44A1,0.0011177238148229662
ST13,0.0011154786949759909
MME,0.0011150133700903097
AKT1,0.00111500007154973
SPON1,0.0011140332308059442
EIF3I,0.0011105363348679021
IFI16,0.0011092363216812374
CUTA,0.001108282432045371
VAV3,0.0011048270036076247
ABCA3,0.0011027774191643403
ATP8B1,0.0011003200398539547
LMAN1,0.0011001021305855829
LRP5,0.0011000242793670623
HLA-H,0.0010991478453524905
DNAJC1,0.001097320198205125
SOD1,0.0010972232036488094
ETV6,0.001096703788178388
SREBF2,0.0010951099301291832
HSPG2,0.0010902569682912145
VAT1,0.0010897390362652004
GNB2,0.001089231984453818
TRIM29,0.0010875764648835683
PYCR1,0.0010870586450300835
F11R,0.0010857330045655545
COL4A1,0.0010847379815459135
KCNJ3,0.0010847167147403525
GFPT1,0.001082718153238602
ZNF24,0.0010821260334705585
PTHLH,0.001080642131419154
GHITM,0.0010805049728151062
LAPTM4B,0.0010802903086369043
TFF1,0.0010781933609325734
DEGS1,0.0010766392268305935
DAG1,0.0010755391685495397
PRDX1,0.0010753751871152416
ALDH2,0.0010748446535762924
BUB3,0.0010744020410493249
LASS6,0.0010735060797014738
TUFM,0.0010733003178756916
SEC61G,0.0010731912865412597
CYB5R3,0.0010712714268311175
NUP210,0.0010710037564331287
HP1BP3,0.0010693441141029325
PLIN4,0.0010689258543970937
AHCYL1,0.0010682924897264456
GDAP1,0.0010674626834133961
PPT1,0.0010650080143352625
MAZ,0.0010643848346444428
CRABP1,0.0010599028758406348
GAA,0.0010589467413706188
HMGB3,0.0010582753148278812
PRPF8,0.0010563074951505768
ERGIC3,0.001055365271122355
TFDP1,0.0010532900252292166
TM9SF2,0.001052596054978494
TSPAN15,0.0010518966324070788
LMO4,0.001051645479637955
TGFBR3,0.0010505398893292295
PDK4,0.0010479712388814732
HUWE1,0.0010445570214869804
CHGB,0.001041914346789099
MLPH,0.0010411429729538214
RPS7,0.0010409005015571892
RHOBTB3,0.0010402869555400684
HMGN2,0.0010384075725232832
RNF187,0.001038017908472284
PPP2R1A,0.0010378649198855782
ILF3,0.0010378507308087138
TK1,0.001032753889921878
CALM3,0.0010313201760800438
MYST3,0.0010304550331647988
XRCC5,0.0010304498623372638
REEP6,0.0010283974507092352
ESYT2,0.0010265452260500752
RBBP8,0.0010262170556575257
HINT1,0.0010260486932361346
CDV3,0.0010259501976997854
ACTN1,0.0010258490393789544
CYP2A7,0.0010221236140205293
TPD52,0.0010210946846973456
EIF6,0.0010207906423784152
MTUS1,0.0010206622524094656
HIST1H2AC,0.0010205909952128423
AP2B1,0.0010205080241212272
ELF5,0.0010191525682762402
SEC31A,0.0010180036487872713
BHLHE40,0.0010178721173906525
VCAN,0.001016763326229011
ATN1,0.0010163856246799697
AARS,0.0010163818989622087
S100A13,0.0010150085161421884
PARP14,0.0010136344944839948
APOL6,0.0010126387177479047
SIPA1L2,0.0010092470793370012
LAPTM5,0.0010056897956769717
PRDX3,0.0010027270429418423
TMEM30A,0.0010009865644941128
ARF6,0.001000773929913521
FBP1,0.0009986813829317499
PSME2,0.000998611163613532
GLTSCR2,0.0009974382756308842
ITGB5,0.0009956028414308093
SEPT9,0.0009949425289642023
ATP1B3,0.0009912172002259467
LBP,0.0009884475909757383
FCGBP,0.0009875695604455359
TRIP12,0.000986659652662638
FOSB,0.0009857463570369872
TACC1,0.0009852395043708384
SLC25A5,0.0009829755113423743
COL5A3,0.0009829594291386457
TMC4,0.0009822764940327034
SEMA3C,0.0009804292565786454
ATP6AP1,0.0009803447160584256
FDPS,0.0009778922565055837
MBTPS1,0.0009771163766163226
MRPS30,0.0009756274019673583
SLC39A7,0.0009747081573368632
PTPRK,0.0009743234123379807
BZW1,0.0009710224633181497
NR2F2,0.0009703813643409376
NUFIP2,0.0009684028033984759
CHD3,0.0009675109673617044
ATAD2,0.0009673566268156719
XPOT,0.0009641167564041098
HMOX1,0.0009630455466094646
C1QB,0.0009590520414803905
WDR1,0.0009587768818710173
PRPF19,0.0009584224623540649
EMILIN1,0.0009543314221718901
S100A4,0.0009542955530014297
RPL12,0.0009492216232774808
APBB2,0.0009476482816899079
PDIA4,0.0009472685453511076
VTCN1,0.0009424857508565765
EIF2AK1,0.0009421334012859006
SERPINH1,0.0009417822613067983
EPAS1,0.0009393491775699658
SPTBN1,0.000937562721392169
POLDIP2,0.0009375155953694048
CENPF,0.000935501551030029
C1orf43,0.000933238419238478
ENPP1,0.0009325515289310715
ELP2,0.000929436971891846
EDEM3,0.0009282318820032742
KIAA0040,0.0009261563419204322
PODXL,0.0009253884063082297
DYNC1H1,0.0009239242533840297
HSPH1,0.000921922550496106
SUMF2,0.0009210152427476714
ARL6IP4,0.0009192331382337215
WWP1,0.0009188736617397808
RAB6A,0.0009161396567151314
MUC5B,0.0009155331791544086
RPL38,0.000914447024583751
PRDX6,0.0009105713045209996
RAB11A,0.0009105179501534621
TPM4,0.0009086594568861983
VEGFA,0.0009086523178302741
ITPR1,0.000907952469092379
CAPNS1,0.0009079127691211397
KRT13,0.0009072865480266046
KIAA0196,0.000903722327630021
HMGCS2,0.0009000821129393444
C20orf3,0.0008985076166345607
TRIB1,0.0008973235182565987
SELL,0.0008953964037755213
SOX4,0.0008919909602502685
SERPINB5,0.0008919547715049703
RHOB,0.0008917359177758044
PGD,0.0008911716542570503
FKBP8,0.0008905020011070519
MRC2,0.000889888207752847
CPNE1,0.0008887942251476488
PCSK6,0.0008879562632137095
HMGB1,0.000886995686469163
NOMO1,0.0008859139968535601
MAP4,0.0008858104954379087
KIT,0.0008855970780859934
GABRP,0.0008845959456357377
MUC16,0.0008840607519596234
GTF2I,0.0008824294390615251
UBE2L6,0.000881991191540692
CST3,0.0008779231315929792
GAB2,0.0008759545038810756
CALML3,0.0008752238595610606
HNRNPA3,0.00087351382471752
ITGAV,0.0008709508761285178
CXCL12,0.0008699905663524987
RPSAP58,0.0008678794141496837
TSPAN13,0.0008676433450818876
FXYD5,0.0008671571337799833
ITGA11,0.000866588761064122
SFN,0.0008655319731542477
HLA-F,0.000864899482085093
EGFR,0.0008617854357726173
GPX3,0.000861301938739416
NPEPPS,0.0008581020967022824
NME1,0.0008573062476989434
SEC61A1,0.0008569732167438815
HMGN1,0.0008555969058170376
PPDPF,0.0008551313724456122
STOM,0.0008544818488712735
ARNT2,0.0008535245629354904
CXCL10,0.0008534853186802138
FGFR2,0.000852574958189507
PA2G4,0.0008524055943962594
EIF2S3,0.0008478206142535782
SELENBP1,0.0008453358023552938
WFDC2,0.0008441346949344287
RBP1,0.0008429710952259484
SERPING1,0.0008423484968147932
SEMA4C,0.0008418123786032083
RRBP1,0.0008417341764925367
LTBP1,0.0008394877423597791
TM9SF3,0.0008375974940781816
PLXNB2,0.0008351326807701298
KLK5,0.0008306581139549962
USP22,0.0008302593309417717
LMNA,0.0008292843817253016
IFI44L,0.0008279150204543839
ANXA2P2,0.0008279112807133515
KDM2A,0.0008234161266045704
FLII,0.0008223745316036002
ITGA3,0.0008214019042770815
CYBA,0.0008201731309532079
PMP22,0.0008179538367949135
HIST1H2BK,0.0008166475750249446
LYPD3,0.0008153039335593348
HN1L,0.0008144747453144418
TTLL12,0.0008143097834317814
FLOT2,0.0008141559982686885
CCDC117,0.0008140532985646587
DERL1,0.0008123609673384635
ABAT,0.0008123356932355819
SMARCA4,0.00081171667957733
CASD1,0.0008099552199746541
TAX1BP1,0.0008096684899646789
EIF4B,0.0008083776194871461
CCDC74A,0.0008053582362117595
EEF1B2,0.0008046306529467984
DUSP1,0.0008044218702593752
C10orf18,0.0008038629839029455
GPC1,0.0008022108834848041
SERPINA5,0.0008015645742284505
GLO1,0.0008013319083357829
C8orf4,0.0007985593079683895
YME1L1,0.0007917617950533895
CTHRC1,0.0007915253238252262
CCDC47,0.0007909958513300807
TXNDC5,0.000788768492266172
CDK2AP1,0.0007872645218526486
TXN,0.0007865875856930415
CHCHD2,0.0007856175555866684
APOA1BP,0.0007853435298147815
SNHG6,0.0007847099800483193
TSPAN3,0.0007843542953150973
ZNF238,0.0007833302564097266
PLA2G16,0.0007816483842725575
EIF4A2,0.0007781452163180803
EMP1,0.0007777159832767211
SKP1,0.0007753248225981224
CSDA,0.0007628576533170417
EFHD1,0.0007625528155222128
NDRG2,0.0007592048918559158
SRPR,0.0007579520211629643
LAMA5,0.0007578754594214842
SF3B2,0.0007568815653939964
CNTNAP2,0.0007560953535926273
PABPC4,0.0007558425939532754
KIF5B,0.0007548019909700088
KLHDC7B,0.000753851418139675
DNAJB1,0.0007522764794782688
SSR2,0.0007514123116379778
ALOX15B,0.0007503855921095237
DDX3X,0.0007496908481971332
SDC4,0.0007492411359271501
SYTL2,0.0007491863345785532
GPR56,0.0007485403496679055
TTC39A,0.0007484650221203992
CCT3,0.0007467123392143549
PXDN,0.0007454430830614456
CTNNA1,0.0007447995207530766
EIF3A,0.0007442377131792455
PCBP1,0.0007437896110241127
MT2A,0.0007417649358922063
KDM5B,0.0007407285626686643
RPL35,0.0007390783796205369
ITGB2,0.0007389050110759854
SEC14L2,0.0007384006588426928
KPNA2,0.0007360012195067611
STT3A,0.0007348848947276565
AQP3,0.0007345435700062808
EFEMP1,0.0007319345767575669
ZNF587,0.0007299234639049246
S100A16,0.0007285185260980143
IARS,0.0007277436500953627
FAM120A,0.0007268887352984165
SAA2,0.0007268712030236202
TMEM66,0.0007249822812445927
LRRC15,0.0007244049960081611
GLA,0.0007227472224985832
GOLGA4,0.0007218302404271526
PTGES3,0.0007217080621330751
TRAF4,0.0007214591433876194
DCAF7,0.0007204150999132252
BRD2,0.0007201333311422786
MEGF9,0.0007185761873915908
MUC6,0.0007184419231816718
TUBA1A,0.0007181984561202625
SLC25A39,0.0007152506442889716
NCL,0.0007147899561823579
ECH1,0.0007144478743293803
SEC62,0.0007139311850755803
PTOV1,0.0007124838155141333
ZMIZ1,0.0007110233582170622
PAM,0.0007104178490908452
NFE2L1,0.0007072870671026977
SFRS5,0.000707159226794829
PROSC,0.0007069829193460464
TYMP,0.0007069164266340522
FMOD,0.0007058766584123078
DST,0.0007054886209880351
CIB1,0.0007045661332972486
GSTM2,0.000703549950321758
TFRC,0.0007019227863067456
LAPTM4A,0.00070120875079283
TMEM45A,0.0007005529747948458
SPTAN1,0.0006950992674319423
COX8A,0.000694156989484327
ENSA,0.0006914940429487615
GP2,0.0006895390986937855
ADIPOQ,0.0006886994496358057
COMP,0.0006885439681309436
MYST4,0.0006878402913207538
MATR3,0.0006844889778039942
RPSA,0.0006815317334712745
TOMM6,0.0006803404832641035
MLEC,0.0006785789855530311
CDK5RAP3,0.0006769588654060498
EIF4EBP2,0.0006766067630883299
ITGB6,0.0006755375589273171
ATP6V0E1,0.0006702673273912296
MLLT6,0.0006688694244530779
ABCD3,0.000668293329217704
SSR3,0.0006679260503335626
RHOC,0.0006670558503356006
ARCN1,0.0006665088034424116
SMARCA2,0.0006660328313409991
SRP9,0.0006650045942387805
CYB5A,0.0006642550226024468
FSCN1,0.0006636639305361313
DMKN,0.0006610807144261343
ATF4,0.0006604782881947812
MAPKAPK2,0.0006592779587163022
VPS35,0.000658823371948074
RCN1,0.0006576748686256906
TCEAL4,0.0006530510983611748
MCCC2,0.0006527582004991928
MMP13,0.0006527180825378309
CILP,0.0006524989624040245
CAPS,0.0006493958835744706
ARHGDIB,0.000649230855146925
SLC29A1,0.0006490701321047255
CLDN3,0.000647124881761556
SRP14,0.0006452449092148527
PRKACB,0.0006448633690638416
OLFML3,0.0006426555948110035
MBOAT7,0.0006416184000408976
XPO1,0.0006414452450371755
NONO,0.000640870807783358
MCM4,0.00064046085629343
ALDH9A1,0.000638040477724644
RBM47,0.0006376101471505535
TFCP2L1,0.0006368124503205763
TKT,0.0006366896910549258
C10orf58,0.0006358616437591991
C1QC,0.0006353355848230535
SRCAP,0.0006351064274349483
KLK6,0.0006348433519906394
PTPLAD1,0.0006341429012616118
TSC22D3,0.0006337467074627056
UBA1,0.0006321250161704483
PIK3R3,0.000631050563978306
ENAH,0.0006309647917623806
TNS1,0.0006291555142888683
PPIF,0.0006274285647100441
LAD1,0.0006265804649092388
BPIL1,0.0006264488365195576
NBR1,0.0006246147845104133
ALDH3A2,0.00062270685473095
MYOF,0.0006218743563340467
SLC39A8,0.0006213345772994217
TPD52L2,0.0006172032578433573
CMTM6,0.0006171173856864698
ROD1,0.0006159522728285083
PIP4K2B,0.0006154405087545456
KIAA1429,0.0006153208170326252
BNIP3L,0.0006142154773192488
KITLG,0.0006139888925827109
RAP2C,0.0006135935527163384
ZYX,0.0006100799719376937
HIGD1A,0.0006098405875854951
ATP6V0B,0.0006097308168170911
SIAH2,0.0006093405892329429
AP2M1,0.0006084408724473179
CORO1B,0.0006075152187713684
NET1,0.0006068419388930124
MYH11,0.0006052275357433246
ZNF664,0.000602724223590485
PCSK1,0.0006001490628932515
CNBP,0.0005990079898595014
HNRNPC,0.0005977436427451722
UBE2V1,0.0005940125886036185
CP,0.0005929464276141516
DDX17,0.0005920777352594087
MED13,0.0005920234811901537
NRAS,0.0005914944886535522
APOL1,0.0005905360160750206
CTSA,0.0005904469363849785
MKL2,0.0005882149649551138
ACSL1,0.000588101738885598
SCGB2A1,0.0005873910578884534
JTB,0.0005851455049491961
CBX1,0.0005841739952302305
SLC34A2,0.0005840385313831576
TRH,0.0005838444762048311
EIF5,0.0005811591043948283
SERBP1,0.0005804928364159423
DHX40,0.0005804381393022595
DYNLL1,0.0005798280333874573
MKNK2,0.0005795524962468334
VCP,0.0005787030738406429
PYGL,0.000575449070254308
CSE1L,0.000572538681108199
VWA1,0.0005713191412542074
PAPSS2,0.0005691744903469953
RNF19A,0.0005689780215152496
EIF3E,0.0005678026421128379
AKR7A3,0.0005662058842631268
CCND2,0.0005646595976475055
DYNLRB1,0.0005645117392668908
CTTN,0.0005637852776726504
MMP7,0.0005619457964712637
AIM1,0.0005586024256581368
NCAN,0.0005573231387825217
MPZL1,0.0005559830887978024
COPB2,0.0005553735878653754
LUZP6,0.0005551683090102699
PHLDA1,0.0005548147219741395
RGS5,0.0005542542183366094
MLLT4,0.0005539509211439508
IARS2,0.0005525388804562681
LPCAT1,0.000552205283981948
C1QA,0.0005520855422764725
PSMA7,0.0005517005793726071
DDX58,0.0005515634783660061
NTN4,0.0005513947081789184
RIMS4,0.0005510558016055711
CHST1,0.000550210827459523
SEC63,0.0005496244992423271
CYP4Z1,0.0005487636140082942
SEMA4B,0.0005473700024958817
CD99,0.0005472699249548896
SNRPD2,0.0005468810036245486
TMX2,0.000546432677165285
FAM129A,0.0005456385427214627
CRISPLD1,0.0005448900576629967
RDH10,0.0005444000347370093
SYNCRIP,0.0005419226007734323
NELL2,0.0005406073846302206
ACADSB,0.0005405657333565727
JUND,0.0005404128636928362
PTGDS,0.0005396858759240785
PSMD2,0.0005394117117521091
TH1L,0.000539274836999084
RPS6KB1,0.0005384107334066357
PLXND1,0.0005372709811854293
OGN,0.0005363382751784229
COL17A1,0.0005332143701980385
MXRA8,0.0005326473736158732
DLG5,0.0005320454893899296
NAA50,0.0005313141438682578
PTPRC,0.000530931282619349
GPAA1,0.000530213346810342
SERHL2,0.000529596538262922
PCNA,0.000529215810253163
RAN,0.0005281577464302245
CCT8,0.0005278042667873706
DCXR,0.0005272889273578585
CLSTN3,0.0005259872227452434
GALNT7,0.0005249282033310009
GPX1,0.0005243404794623529
RPS15,0.0005238622244723956
NCAPD2,0.0005237755304642633
PSMC5,0.0005222156380091292
HLA-DQA1,0.000520603911267159
PMEPA1,0.0005199280923170591
CNN2,0.0005194527693458895
CBLN2,0.0005182198607832333
ATP2A2,0.000517014253182424
EIF3D,0.0005165713494170632
LYPLA1,0.0005162683050060935
IER2,0.000516211203948842
PDGFRA,0.0005161153254539386
PLUNC,0.0005158648307201474
ATF3,0.0005153837404577643
SUSD3,0.0005139201949941707
TPX2,0.0005135898480796186
SCG2,0.0005122607467774287
MYO1B,0.000511567825496968
EFNA1,0.0005110292374570235
OAS1,0.0005108743290657003
TGOLN2,0.0005105121288168002
TNKS1BP1,0.0005103903251779229
FKBP5,0.000509989382329934
GBAS,0.0005093915175666552
MYO10,0.0005092723480447603
REPS2,0.0005084219149102864
UQCRQ,0.0005077053324112058
RABEP1,0.0005074092209508763
RANGAP1,0.0005068275584517323
CDC42EP1,0.0005059683302260964
C19orf63,0.0005042881170572855
ITPR2,0.0005040648136855452
ARHGDIA,0.0005038801304954177
PRDX2,0.0005035386228951211
HIST1H1C,0.0005033354813110691
CBX5,0.000503064879970907
DCAF10,0.0005006066732676118
EPHB4,0.0005002960253526112
CAPZB,0.0004999032382465885
SDC2,0.0004992335320957863
TUG1,0.0004981331820738433
CALM1,0.0004976456408530794
RSL1D1,0.0004974279679299798
MGST1,0.0004958336221898207
IRAK1,0.000495221687438061
USP32,0.0004950021753461442
FAM83H,0.0004938890381254168
STRAP,0.0004926328779993128
TF,0.0004916448356470937
TTYH3,0.0004910990942425997
ADH1B,0.0004908085511624449
PGAP3,0.00048804902274810044
CEL,0.00048709858553543485
ABLIM1,0.00048686547158467876
PEG3,0.0004859238287849621
HIST2H2BE,0.00048527964998470454
TGFBR1,0.00048496482739210475
CDC42SE1,0.00048449425459693883
TP53INP1,0.000484068664309234
VPS28,0.0004835710195015963
GDI1,0.00048278939782449016
YWHAH,0.00048272162113562446
KIAA1522,0.0004788625945241165
GGCT,0.0004773950400999638
TNRC18,0.00047490614045727855
ZNFX1,0.0004748047745603401
BPTF,0.0004746774594082126
CKAP4,0.0004739724850605853
PCOLCE,0.0004727949278269961
CCDC6,0.00047076398577544865
TRPA1,0.0004707437437355111
RANBP2,0.00047042611922165634
HMGB2,0.0004695699591866287
GSTP1,0.0004693253422374255
CHIT1,0.00046791926823061655
CD163,0.00046751130917300544
MED24,0.0004647141627856399
PTGFRN,0.00046415065950441205
IPO5,0.0004625190293802461
DAZAP2,0.000462416025528114
S100P,0.00046095172446314336
GLT25D1,0.00045971717999918835
G6PD,0.00045949055768687683
HMGA1,0.00045899787296889373
CHI3L1,0.00045896112024593097
CLDN1,0.00045704196984843294
REEP5,0.0004561139422071392
EIF5B,0.0004560170718104928
SEPT2,0.0004557347130821654
PRSS8,0.0004549327549466398
AIMP1,0.00045045386941637843
KLK11,0.0004501245250071406
P4HA1,0.00044955527979198
GUK1,0.0004479025491673383
TEX2,0.00044723930092914086
GSTM1,0.0004464713865053227
ZC3H11A,0.00044603515150527074
PLD3,0.0004457295317274657
CAV1,0.00044414009792490103
ABCC11,0.0004439253757072947
VDAC1,0.0004439109081181414
TMED3,0.00044356537391422536
SEC16A,0.00044287604846886096
CNN3,0.0004418799913946714
DIO2,0.0004403770125941264
HSPA1B,0.0004403235996392141
PAICS,0.000439454555271368
TMED9,0.0004384526193393867
HECTD1,0.0004382960928523971
TP53I11,0.0004366341561155451
IGF2R,0.00043579883404078147
LRP10,0.00043578686761975405
HEBP1,0.0004357566739471963
UBR5,0.0004346359770215713
PRKRIR,0.00043103620282636257
ALDH18A1,0.00043023642502703296
TSPO,0.00042875968220869255
GTF3A,0.00042859242238506566
HSPA2,0.0004277164474996198
ACACA,0.0004260043509771094
NDUFS5,0.00042578375448101727
VDAC3,0.00042518920291684026
CDC42EP4,0.0004230852635350857
GOT2,0.00042301299271116474
ENG,0.0004226208454247171
AZIN1,0.0004222213961111265
FAM129B,0.00042137572921092215
GUSB,0.0004213393156805978
PRELP,0.00042100088706547467
PNPLA2,0.0004185332203314829
CREB3L2,0.0004184828716802258
VSTM2A,0.0004182936796496506
DCD,0.0004175209990262374
MS4A7,0.0004162943554877074
SF3B3,0.0004155603913386585
FHL2,0.000414980583373108
GBP1,0.00041417000383262346
FGB,0.00041359407998243114
LAMB1,0.0004120149574248444
ATHL1,0.00041025463998266786
PRKAR1A,0.0004090209183073057
CLNS1A,0.0004085140829533884
NCOR2,0.00040811608801277543
RPL18A,0.0004067901683902164
FDFT1,0.00040659385122125967
EFCAB4A,0.0004065661067397741
PRAME,0.0004046069261265117
EEF1A2,0.0004045067734125496
CNDP2,0.0004031199765404381
KDM4B,0.00040206806488185976
C20orf114,0.0004019337443151017
PLP2,0.00040164437143857867
COTL1,0.00040116477398214554
ACP5,0.0004002950617962142
CD109,0.00039979470053410184
CISD3,0.0003995222377750451
F13A1,0.00039893038857940154
PKP1,0.0003982608823389455
TANC2,0.0003981282031736555
CHD4,0.0003974365515620093
PLVAP,0.0003967208360290897
KRT16,0.00039535513379178154
CYC1,0.00039484211963497273
AGPAT6,0.0003937845699556419
ACSL3,0.0003926142817999789
DDOST,0.0003924471712889499
CTSF,0.0003918771090229711
SUN2,0.0003917455786769608
NTRK2,0.00039140500102007535
SEPHS2,0.0003913869196003361
FAM107B,0.0003905552372816601
SLC4A7,0.0003904569923179224
MYO1D,0.00038992158502196614
SIK1,0.00038838436286383173
FBLN5,0.00038566103040693633
PDZK1,0.0003841044645241709
IFITM2,0.0003835269496971705
PHB2,0.0003798686071604607
WBP11,0.0003789081354943846
STAC2,0.00037845084966647846
ITM2C,0.00037705328773881777
SON,0.0003762932509175698
HDLBP,0.0003758896540398382
C1orf9,0.00037530147691768436
APPBP2,0.00037521624801229337
MDM2,0.000374902942726294
ASH2L,0.00037197620177494174
CAPN6,0.000371228497933771
CPT1A,0.00036923542837030254
SORL1,0.00036920003892504383
MAN1A1,0.000368456624692044
HPX,0.0003682554270289984
PPFIA1,0.0003676388030999078
MICAL2,0.00036699389159494444
TMEM64,0.00036641588412749114
ADNP,0.00036612277282984
ITPR3,0.0003637374880781863
PSME4,0.00036360667649205426
GPC3,0.000363454777689185
SERHL,0.00036173071622215504
ATP5C1,0.0003613881562705501
MCM7,0.00036101902754580805
NES,0.00036000574107674765
PAK4,0.0003587173216510564
PCMTD1,0.0003585762066234111
CDH11,0.00035837357105620525
RCC2,0.0003567612004712828
STIP1,0.0003567559940893261
ARF5,0.00035514170801207
BCL2,0.00035393064125742056
IFIT1,0.00035240165366587914
ARL6IP5,0.0003519651019992409
UBE2Z,0.00035175441922774553
SYNE2,0.0003513855054825399
ITGA5,0.00035050413325791394
EIF3B,0.00034929773916474004
CD52,0.000348573594866366
MMP1,0.0003472057866656542
LGMN,0.0003458640235930943
CD276,0.00034513477970904205
TBX3,0.00034480327557844247
RARA,0.00034418648768678393
DDR1,0.00034392358752086236
LTBP3,0.0003439014373452665
IL2RB,0.0003435147183063236
CCT6A,0.00034092106370735563
EPHX1,0.00034092032002575935
NCKAP1,0.00034064342101373766
EIF3M,0.0003399804147124996
CLDN7,0.0003394092241495628
UBAP2L,0.00033805126534048214
TMEM49,0.00033790988256441777
COL16A1,0.00033723085894052927
IGSF1,0.0003371674528546009
FOXP4,0.00033714743100176747
ARFGEF1,0.0003355068876135192
DAP,0.00033435758608646893
SNRNP70,0.0003341554648068268
C19orf2,0.0003337018901720512
EPHB3,0.0003332584118447812
POLR2A,0.00033312492438881237
HM13,0.0003326708254917321
COX6B1,0.00033261033457165467
OAS3,0.00033218902154203534
PAPSS1,0.0003317232624522148
OLFML2B,0.0003309211854867478
PTGES,0.0003307353124284873
MGLL,0.0003303242545911189
AKR1C2,0.00032955698976365965
PPP1CA,0.0003263011910712521
FAM102A,0.00032519078224140684
C6orf15,0.0003250981354631222
ELOVL2,0.0003243498242682108
LMAN2,0.0003239984274864582
HIST2H2AA3,0.0003237356517479384
SMC1A,0.00032360905969653687
BANF1,0.0003223079931959205
MSLN,0.00032182959184865465
SNHG5,0.0003192661864454749
H2AFY,0.0003189631077077593
SAA1,0.0003186241781747867
ANKH,0.00031749799334193087
SNX3,0.00031735359762819827
APOC1,0.0003165592046951815
NAMPT,0.00031617184069176573
LGALS3,0.00031565808388108965
PLK2,0.00031535645280314386
DSG3,0.00031472491683416594
CYBB,0.00031416624016856077
NPDC1,0.00031087014994909625
TOB1,0.000310022922590889
S100A7A,0.00030965253490080615
PTPN1,0.00030954345196732903
BAMBI,0.00030883894049622997
CHGA,0.00030848842639670694
TMEM9,0.0003076737141918784
SLC39A11,0.0003065852742111019
KLHDC7A,0.0003044558007542619
RET,0.0003020789530228285
FNBP1L,0.0003018762139708997
LPGAT1,0.00030179760856185566
FOXM1,0.00030173634540460627
SLC39A1,0.00030140134811063035
SDCBP,0.0003010040480307907
HGSNAT,0.0003009082869084523
COL15A1,0.0002994761507579824
ANP32E,0.0002988409656472868
IPO7,0.00029821813322087107
CX3CL1,0.0002981802849967607
FKBP1A,0.00029807917170728617
ARSD,0.0002979564722136274
ANP32B,0.0002972914350988276
TNS3,0.0002972386041915343
SND1,0.00029457943271381736
PLP1,0.00029340392916537894
FAM38A,0.0002930698406589727
PTN,0.0002930380015516221
TGFBR2,0.0002925739646639158
FGD3,0.0002925166615250419
MYB,0.0002923235498701615
SH3PXD2A,0.00029104211553658386
GPC4,0.00029061058895877065
BAG1,0.00028730467976402
FRZB,0.00028537066518765644
DSC2,0.00028489890788932823
KDELR1,0.00028417587745707354
RAMP3,0.000283236359402963
LENG8,0.00028232761972560636
TPSB2,0.0002820649431419042
SEC22B,0.0002815987998485525
TMEM132A,0.0002810687447708915
CSNK1A1,0.00028000652841683407
AMIGO2,0.00027909733184401376
STARD3,0.0002790820704331054
FAM84B,0.000279005826687353
GARS,0.0002787623905851433
SUMO2,0.0002770938281074109
CTSH,0.00027655997198280604
PPP2R4,0.00027613089763136147
CDKN1A,0.0002759672170836325
ANKRD50,0.0002736386761672094
DNAJA4,0.0002707822443983332
RGL2,0.0002705381243045224
LCN2,0.00026998223552936906
CNOT1,0.000269952485198246
CPXM1,0.0002685473616475065
KIAA0182,0.0002683291104197849
ISLR,0.0002675668350411797
MTCH1,0.0002621143388410019
LPL,0.0002619192591555475
PROL1,0.000260940487685275
SPTLC2,0.00025760231855315397
TMEM150C,0.0002547271106706717
CDK16,0.0002544043604893886
MKI67,0.0002537328346693357
PNMT,0.0002527310887205658
PBXIP1,0.00025241982271381855
SCNN1A,0.0002518632578630786
EID1,0.0002500519974663362
STMN3,0.00024884453316644797
TOMM7,0.0002470641834679554
CYP4X1,0.00024547878198291075
PROM1,0.00024405898210261512
WBP2,0.00024382203226650746
GRIA2,0.00024143840966644347
PTK2,0.00023859258992729338
CAMK2N1,0.00023724539052864203
NAPA,0.00023374335628602693
PRR15L,0.00023347539512542427
LAMC2,0.00023291703061403268
SAR1A,0.00023140870304075634
SPTBN2,0.0002300611515647688
MPZ,0.00022849620266242709
TUBB3,0.00022559378550795372
SMG1,0.00022496239245299422
G3BP2,0.000222847180473309
IDS,0.0002218712515775678
LOXL2,0.0002188871706403006
CORO1A,0.00021778684086996237
PFKL,0.00021668262287334982
BAT1,0.00021666064543865104
TCN1,0.0002155508453870425
GLG1,0.00021375906996581762
VCAM1,0.00021189578257235553
TFAP2B,0.00021037994916753178
DGAT2,0.00020903337474010187
PGRMC1,0.00020722242695569548
COPE,0.0002068847135251417
GGT1,0.0002062475259765506
KLK7,0.00020583824739787816
RABAC1,0.00020555641309329077
GALNT10,0.00020549840456283164
KRT1,0.00020121436916808566
LGALS7,0.00019884005127096316
MET,0.00019879541163831505
HN1,0.00019727371905901237
SYAP1,0.00019260721406908488
SHROOM1,0.00019107709070340206
AMD1,0.00019060884772898135
DNAJC10,0.0001900989377361384
IL1R1,0.00018936186888439012
WIF1,0.00018827121916274337
NTS,0.00018788874504366504
UFC1,0.00018704628111663625
BCHE,0.0001868058754359936
LARP1,0.00018578136737232854
SAPS3,0.00017910858219522652
STK38L,0.00017818587426177146
SLC2A4RG,0.0001725137866924342
ZG16B,0.00016917632584181774
ANKRD17,0.00016405793538694979
NCALD,0.00016279946185932204
OAT,0.00016243218601317723
USP25,0.00016075341310170188
HNRNPH1,0.00016045628520259926
SLC27A2,0.00015902684140655765
PLA2G2A,0.00015898106400356936
SPON2,0.00015845906773748197
CSPG4,0.00015761346092403982
CHI3L2,0.00015727760168829263
CLCA2,0.00015420504719031668
EFR3A,0.00015112164176173337
GDF9,0.00015020316442019066
AQP5,0.0001498639136877955
CD14,0.0001468690212552559
NKX3-1,0.00014660387718663516
ARHGAP36,0.00014202266608435822
QSOX1,0.00013680472749030059
ZNF703,0.00013517481990447778
LIPA,0.0001310043957533935
LANCL2,0.00012783851022959424
FOXO3,0.000122653462915423
UGT2B4,0.00011914572804712976
GLYATL2,0.00011762523716924988
HPGD,0.00011599561925777379
COL9A3,0.00011429662240232119
XDH,0.00010747836702847736
PRR4,0.00010050646446870814
SERPINE2,9.775529362514135e-05
CST5,9.443244490284996e-05
GPM6A,9.267846084128451e-05
KLK10,9.23555904080331e-05
DSG1,8.944467448959159e-05
COL11A2,8.941273104028369e-05
KRT79,8.38391927209159e-05
KRT10,8.329886977207934e-05
ECEL1,7.711557317747975e-05
SPCS2P4,6.880695082159605e-05
CITED2,6.860404095448302e-05
KRT4,6.185267777482295e-05
LY6D,5.821676938083442e-05
CD177,5.6137884350846433e-05
HDC,5.573778181073408e-05
CXCL17,5.501024558412837e-05
SCGB3A1,5.4988870580388035e-05
SCGB1B2P,5.106003350377364e-05
MRC1,4.900229675860235e-05
IBSP,4.009770600958973e-05
NPTX1,3.9623650841349446e-05
KLK14,3.84613663447908e-05
ACSM1,3.514665465061739e-05
GSTM5,3.178902326339994e-05
LALBA,2.556841147566047e-05
DES,2.2649411251958184e-05
FGG,2.037765026642546e-05
CSN2,1.9603605367137788e-05
ACAN,1.90733621553818e-05
SMR3B,1.6398045987671138e-05
DMBT1,1.1553998754294526e-05
FGA,5.717196650323331e-06
LACRT,5.134126957244689e-06
CSN1S1,3.5040136458519556e-06
MYOC,2.9825997449961505e-06
CSN1S2A,1.1546483369498373e-08
